Song_Name,BPM,MFCC_Mean,Mood
alec_koff-blues-ballad-487408.mp3,66.25600961538461,10.280419,Chill
alexgrohl-energetic-action-sport-500409.mp3,99.38401442307692,11.072391,Energetic
domartistudios-magical-wizard-school-orchestral-fantasy-488126.mp3,172.265625,-0.83454007,Chill
eliveta-happy-491187.mp3,95.703125,3.4712803,Chill
good_b_music-perfect-beauty-191271.mp3,161.4990234375,-8.97451,Sad
hitslab-sad-sad-sorrowful-music-342263.mp3,117.45383522727273,-20.950201,sad
ikoliks_aj-upbeat-energetic-background-music-363702.mp3,99.38401442307692,6.185938,Energetic
lemonmusicstudio-inside-you-162760.mp3,123.046875,-0.8862026,sad
lnplusmusic-background-music-upbeat-energetic-333016.mp3,129.19921875,3.006727,Energetic
mondamusic-happy-happy-music-499182.mp3,99.38401442307692,-4.364321,Chill
music_for_video-sedative-110241.mp3,103.359375,-8.320308,sad
paulyudin-energetic-490392.mp3,89.10290948275862,10.685228,Energetic
paulyudin-sad-sad-music-485935.mp3,135.99917763157896,-7.4421344,Sad
sigmamusicart-sad-documentary-background-music-365827.mp3,107.666015625,-2.4168842,Sad
solarflex-sad-dramatic-music-3-491493.mp3,60.09265988372093,-17.412449,Sad
soulfuljamtracks-happy-happy-music-500007.mp3,107.666015625,-3.2131805,Chill
starostin-comedy-cartoon-funny-background-music-492540.mp3,161.4990234375,4.8566785,Chill
stevekaldes-plea-for-forgiveness-stevekaldes-piano-art-ayla-heefner-401168.mp3,112.34714673913044,-13.062379,Sad
the_mountain-happy-happy-music-496549.mp3,112.34714673913044,2.4911377,Chill
